[
	{
		"id": 1,
		"name": "Teclado mecánico RGB",
		"description": "Teclado mecánico con retroiluminación RGB personalizable.",
		"brand": "logitech",
		"category": "teclados",
		"price": 89.99,
		"image": "https://i.postimg.cc/mkgR3408/pngegg.png",
		"discounted": true,
		"stock": 0,
		"discountAmount": 10
	},
	{
		"id": 2,
		"name": "Mouse gamer G203",
		"description": "Mouse ergonómico diseñado para gaming, con cable trenzado.",
		"brand": "logitech",
		"category": "mouse",
		"price": 49.99,
		"image": "https://i.postimg.cc/C1BM9Sv5/pngegg-2.png",
		"discounted": false,
		"stock": 500,
		"discountAmount": 0
	},
	{
		"id": 3,
		"name": "Auriculares gaming inalámbricos",
		"description": "Auriculares inalámbricos con sonido envolvente y micrófono retráctil.",
		"brand": "logitech",
		"category": "auriculares",
		"price": 129.99,
		"image": "https://i.postimg.cc/Hkkfx3Q1/pngwing-com.png",
		"discounted": true,
		"stock": 100,
		"discountAmount": 20
	},
	{
		"id": 4,
		"name": "Mousepad extendido",
		"description": "Mousepad grande y extendido para mayor precisión y comodidad.",
		"brand": "logitech",
		"category": "accesorios",
		"price": 19.99,
		"image": "https://i.postimg.cc/cL599SPr/pngegg-9.png",
		"discounted": false,
		"stock": 5,
		"discountAmount": 0
	},
	{
		"id": 5,
		"name": "Silla gaming ergonómica",
		"description": "Silla gaming ergonómica con soporte lumbar y reposabrazos ajustables.",
		"brand": "logitech",
		"category": "sillas",
		"price": 249.99,
		"image": "https://i.postimg.cc/JzQZTcg0/pngegg-4.png",
		"discounted": true,
		"stock": 296,
		"discountAmount": 30
	},
	{
		"id": 6,
		"name": "Monitor curvo Full HD",
		"description": "Monitor curvo de alta definición para una experiencia inmersiva en gaming.",
		"brand": "logitech",
		"category": "monitores",
		"price": 299.99,
		"image": "https://i.postimg.cc/htGtBLvf/pngegg-5.png",
		"discounted": false,
		"stock": 1000,
		"discountAmount": 0
	},
	{
		"id": 7,
		"name": "Teclado y mouse inalámbricos",
		"description": "Combo de teclado y mouse inalámbricos con conectividad Bluetooth.",
		"brand": "logitech",
		"category": "teclados",
		"price": 79.99,
		"image": "https://i.postimg.cc/65yPxTwB/pngegg-6.png",
		"discounted": false,
		"stock": 5,
		"discountAmount": 0
	},
	{
		"id": 8,
		"name": "Cámara web Full HD",
		"description": "Cámara web de alta definición para streaming y videoconferencias.",
		"brand": "logitech",
		"category": "perifericos",
		"price": 69.99,
		"image": "https://i.postimg.cc/KcVNLfSy/pngegg-7.png",
		"discounted": false,
		"stock": 2,
		"discountAmount": 0
	},
	{
		"id": 9,
		"name": "Micrófono de condensador",
		"description": "Micrófono de condensador para grabación de voz y streaming.",
		"brand": "logitech",
		"category": "perifericos",
		"price": 59.99,
		"image": "https://i.postimg.cc/0y501B7D/pngegg-8.png",
		"discounted": false,
		"stock": 9,
		"discountAmount": 0
	},
	{
		"id": 10,
		"name": "Alfombrilla térmica RGB",
		"description": "Alfombrilla térmica con iluminación RGB y superficie de tela suave.",
		"brand": "logitech",
		"category": "accesorios",
		"price": 39.99,
		"image": "https://i.postimg.cc/d1sdP7b6/pngegg-3.png",
		"discounted": true,
		"stock": 5,
		"discountAmount": 5
	},
	{
		"id": 11,
		"name": "Volante y pedales para simulador",
		"description": "Volante y pedales para simulador de carreras compatible con PC y consolas.",
		"brand": "logitech",
		"category": "perifericos",
		"price": 199.99,
		"image": "https://i.postimg.cc/5N2SZrBv/pngegg-10.png",
		"discounted": true,
		"stock": 10,
		"discountAmount": 15
	},
	{
		"id": 12,
		"name": "Tarjeta gráfica gaming",
		"description": "Tarjeta gráfica de alta gama para rendimiento óptimo en juegos AAA.",
		"brand": "logitech",
		"category": "graficas",
		"price": 499.99,
		"image": "https://i.postimg.cc/vBDQRbZk/pngegg-11.png",
		"discounted": false,
		"stock": 5,
		"discountAmount": 0
	},
	{
		"id": 13,
		"name": "Mouse gamer G502 Hero Wireless",
		"description": "Mouse de alta gama diseñado para juegos, con tecnología inalámbrica avanzada, sensor HERO de alta precisión, diseño ergonómico y botones programables para una experiencia de juego personalizable y sin cables.",
		"brand": "logitech",
		"category": "mouse",
		"price": 99.99,
		"image": "https://i.postimg.cc/rwRGZrX4/logitech-g502.png",
		"discounted": false,
		"stock": 5,
		"discountAmount": 0
	}
]
